ID,Flux
PGI,1.18340930412611
PFK,0.938724290956496
FBA,1.36858758237776
TPI,1.01824244444233
PGK,1.024113156525
GAPD,0.717656693313781
ENO,1.20641536409639
PGM,1.07885998527111
PYK,1.22956851638106
PDH,0.691208257729012
G6PDH2r,0.782319908125179
PGL,0.667763852818032
GND,0.76780941891671
RPE,0.846470426258248
RPI,0.840023914720452
TKT1,1.38030196498445
TALA,1.43733923621807
TKT2,1.38030196498445
CS,0.913863834098163
ACONTb,0.833386832837097
ACONTa,0.833386832837097
ICDHyr,0.612865479026465
SUCOAS,0.6954117000901
AKGDH,0.691208257729012
SUCDi,0.726274586956456
FUM,1.10232422407992
MDH,0.590506313410061
PPC,0.682207951393685
ME2,0.903096013620847
ICL,0.892517536014919
MALS,1.13479370875494
ACKr,1.1171700227961
PTAr,0.945163915515685
LDH_D,0.813161366143263
ACALD,1.05155987226071
ALCD2x,1.05155987226071
EX_glc__D_e,0
EX_o2_e,0
EX_co2_e,0
EX_etoh_e,0
EX_ac_e,0
EX_lac__D_e,0
EX_succ_e,0
EX_pyr_e,0
EX_for_e,0
